player_name,pitcher,n_pitches,velo,whiff,zone,tot_xrv,cPV_plus
Trevor Megill,656730,753,94.58260292164674,0.15405046480743692,0.6733067729083665,7.299742345924033,151.5
Robert Suarez,663158,1076,96.63745353159851,0.13011152416356878,0.6802973977695167,7.651265209185266,137.6
Alex Vesia,681911,1000,89.2449,0.155,0.657,6.93262210111991,136.6
Andrew Kittredge,552640,768,91.92669270833333,0.15885416666666666,0.7018229166666666,5.114987384047253,135.1
Reid Detmers,672282,1083,88.77608494921515,0.1615881809787627,0.6685133887349953,6.703520806663578,132.6
Chase Burns,695505,764,95.39620418848168,0.16753926701570682,0.6531413612565445,4.609659164052202,131.7
Adrián Morejón,670970,994,94.538430583501,0.11468812877263582,0.6881287726358148,5.908686316948703,131.3
Randy Rodríguez,678495,808,92.43180693069306,0.1547029702970297,0.6633663366336634,4.781502425892586,131.1
Kenley Jansen,445276,869,91.93532796317606,0.14384349827387802,0.6962025316455697,5.128500701012869,131.0
Garrett Crochet,676979,3150,92.25139682539684,0.15174603174603174,0.6711111111111111,18.461635218297396,130.8
Caleb Thielbar,573204,826,85.71138014527845,0.13317191283292978,0.6694915254237288,4.835110631899464,130.8
Shota Imanaga,684007,2107,86.22306597057428,0.13099193165638348,0.6782154722354058,12.264101930549003,130.6
Steven Matz,571927,1159,89.18766177739431,0.091458153580673,0.6824849007765315,6.708658979754683,130.4
Tanner Scott,656945,901,92.9041065482797,0.16426193118756938,0.6970033296337403,5.199552697093122,130.3
Tarik Skubal,669373,2849,93.09648999649,0.1783081783081783,0.7030537030537031,15.99445188009528,129.5
Hunter Greene,668881,1748,94.8495995423341,0.16762013729977115,0.6859267734553776,9.716517746392524,129.2
Aroldis Chapman,547973,917,96.14503816793894,0.2050163576881134,0.7011995637949836,4.980653809343022,128.5
Jacob Degrom,594798,2614,93.10937260902831,0.15608263198163733,0.6633511859219586,14.098258177744295,128.3
José Ferrer,678606,1208,94.96390728476821,0.12334437086092716,0.6672185430463576,6.5030369341144985,128.2
Drew Rasmussen,656876,2316,92.69296200345423,0.1079447322970639,0.6550086355785838,12.403089263609633,128.1
Cristopher Sánchez,650911,2895,90.36435233160621,0.15060449050086355,0.6697754749568221,14.992208237072271,127.1
Tyler Mahle,641816,1381,88.0833454018827,0.11585807385952208,0.6524257784214338,7.068834232907475,126.8
Hoby Milner,571948,1157,83.18677614520311,0.06741573033707865,0.6525496974935178,5.635322548592759,125.4
Griffin Jax,643377,1093,91.66953339432754,0.18847209515096067,0.6770356816102471,5.288865458744979,125.3
Orion Kerkering,689147,1073,92.158807082945,0.1015843429636533,0.641192917054986,5.031650883652616,124.5
Janson Junk,676083,1622,88.20598027127004,0.09556103575832306,0.684956843403206,7.59063994506779,124.4
Trevor Rogers,669432,1627,88.82083589428396,0.1352181929932391,0.6822372464658881,7.056137996623077,122.6
Ryne Nelson,669194,2466,91.95543390105433,0.10867802108678021,0.654095701540957,10.337470660212794,121.8
Nick Mears,683232,845,91.16461538461539,0.13727810650887573,0.6994082840236686,3.5200909659647386,121.6
Brandon Walter,687888,814,86.02420147420148,0.12407862407862408,0.671990171990172,3.38979130016036,121.6
Dylan Lee,669276,1102,88.5923774954628,0.1733212341197822,0.6742286751361162,4.576043690960889,121.6
Paul Skenes,694973,2997,92.89956623289956,0.1494828161494828,0.651317984651318,12.351240707697084,121.4
Steven Wilson,621051,974,86.31437371663245,0.11806981519507187,0.6262833675564682,3.9005284209525684,120.8
Emilio Pagán,641941,1068,91.73323970037454,0.15543071161048688,0.6544943820224719,4.169034632634059,120.2
Tim Hill,657612,899,88.41390433815351,0.08898776418242492,0.6985539488320356,3.493194460283377,120.1
Jeremiah Estrada,669093,1236,92.69975728155339,0.18042071197411003,0.6642394822006472,4.690034557270901,119.6
Jameson Taillon,592791,1979,86.84092976250632,0.10055583628094998,0.674077817079333,7.099123140368001,118.5
Gabe Speier,642100,921,91.78154180238872,0.16069489685124863,0.6938110749185668,3.280136174789399,118.4
Nick Pivetta,601713,2851,87.91623991581902,0.11680112241318835,0.6580147316730972,9.982846314034306,118.0
Kyle Finnegan,640448,846,92.4160756501182,0.12293144208037825,0.6678486997635934,2.9045515387374974,117.7
George Kirby,669923,2086,91.82722914669223,0.13087248322147652,0.6519654841802492,7.141465897335366,117.6
Jacob Misiorowski,694819,1164,95.82611683848798,0.14776632302405499,0.654639175257732,3.9655166731910922,117.5
Chris Sale,519242,2031,86.74751354012803,0.14721811915312655,0.6681437715411127,6.793237259899576,117.2
Chris Paddack,663978,2565,88.57134502923977,0.10604288499025341,0.650682261208577,8.516679724030956,117.1
Angel Zerpa,672582,1099,92.65787079162875,0.07097361237488627,0.6469517743403094,3.6555500465825754,117.1
Zebby Matthews,805673,1353,91.92357723577236,0.14042867701404288,0.6614929785661493,4.479654416750316,117.0
Jojo Romero,668941,990,88.07000000000001,0.11212121212121212,0.6242424242424243,3.170248337618937,116.4
Ranger Suarez,624133,2430,84.57308641975308,0.10617283950617284,0.6563786008230452,7.753590622445443,116.4
Drew Pomeranz,519141,800,90.634375,0.1225,0.66875,2.5506712015624293,116.3
Zack Wheeler,554430,2394,91.522096908939,0.158312447786132,0.6470342522974102,7.493282136908975,116.0
Hogan Harris,663687,1125,86.67937777777777,0.104,0.6391111111111111,3.3887330731462617,115.4
Dylan Cease,656302,3044,91.86803547963206,0.1645860709592641,0.6320630749014454,8.91858406367614,114.9
Spencer Schwellenbach,680885,1573,91.20877304513668,0.14685314685314685,0.6872218690400509,4.554928951753322,114.8
Will Vest,676684,1137,94.2372911169745,0.1284080914687775,0.6499560246262093,3.2713308174596034,114.7
Nick Lodolo,666157,2478,89.10213882163035,0.13761097659402743,0.6606133979015335,7.1666778327848055,114.7
Cade Smith,671922,1182,93.53138747884941,0.1793570219966159,0.6742808798646363,3.386379656366187,114.6
Jhoan Durán,661395,1073,96.18359739049394,0.16402609506057783,0.6607642124883504,3.0170870071661406,114.3
Josh Hader,623352,847,90.16481700118065,0.2231404958677686,0.680047225501771,2.3610861973912938,114.2
Ryan Bergert,686701,1312,89.42606707317073,0.11204268292682927,0.6272865853658537,3.5851925934214948,113.9
Pete Fairbanks,664126,987,92.08074974670718,0.13171225937183384,0.668693009118541,2.679580488738584,113.8
Tyler Phillips,663969,1114,89.08240574506284,0.1310592459605027,0.6436265709156194,2.9045448748693596,113.2
Colton Gordon,676467,1451,85.93824948311509,0.09097174362508614,0.6719503790489317,3.7666123104698674,113.1
Jacob Latz,656641,1388,88.93804034582132,0.14481268011527376,0.6304034582132565,3.5943879700319283,113.1
Louis Varland,686973,1066,93.50675422138836,0.1425891181988743,0.6726078799249531,2.7218773126372318,112.9
Kevin Gausman,592332,3030,89.87808580858085,0.1363036303630363,0.6739273927392739,7.72279589146388,112.9
Matt Boyd,571510,2746,85.8613255644574,0.11871813546977422,0.6711580480699199,7.003506135364613,112.9
Tyler Holton,663947,1159,87.42571182053494,0.11734253666954271,0.6514236410698878,2.9587741817261466,112.9
Kris Bubic,663460,1795,87.87036211699164,0.14206128133704735,0.6601671309192201,4.504274026479438,112.7
Aaron Nola,605400,1568,86.1859056122449,0.11798469387755102,0.6511479591836735,3.938301925153105,112.7
Devin Williams,642207,1115,88.64170403587444,0.18834080717488788,0.6412556053811659,2.7341194130957547,112.4
Jack Dreyer,676263,1127,89.31978704525288,0.13664596273291926,0.6601597160603372,2.751721798683304,112.3
Bryan Woo,693433,2714,93.42030213706707,0.13964627855563744,0.6768607221812822,6.5092420529410715,112.1
Mason Fluharty,689254,859,86.63376018626309,0.1478463329452852,0.629802095459837,2.0322962738949797,111.9
Blake Snell,605483,1028,88.91867704280155,0.16731517509727625,0.6215953307392996,2.4384134368852686,111.9
Hunter Dobbins,690928,931,89.46530612244898,0.10204081632653061,0.6466165413533834,2.1940047067325854,111.8
Ryan Pepiot,686752,2698,91.2677909562639,0.1300963676797628,0.6438102297998517,6.055163224763267,111.2
David Bednar,670280,1023,89.07996089931574,0.14858260019550343,0.6725317693059628,2.289842573436985,111.2
Joey Wentz,666214,1815,87.8709090909091,0.11570247933884298,0.6347107438016529,4.051322760797099,111.2
Jesús Luzardo,666200,3013,90.9486890142715,0.14736143378692335,0.648854961832061,6.680025433759126,111.1
Phil Maton,664208,1008,83.90039682539683,0.16964285714285715,0.6488095238095238,2.2409495989565618,111.1
Yoshinobu Yamamoto,808967,2717,90.14681634155318,0.1347073978652926,0.6400441663599559,5.958215931896352,111.0
Edward Cabrera,665795,2252,91.72846358792185,0.13232682060390763,0.6318827708703375,4.860044217976059,110.8
Tyler Alexander,641302,1585,86.52794952681387,0.10473186119873817,0.6593059936908517,3.4343612585979555,110.8
Max Meyer,676974,1039,91.12781520692974,0.12993262752646775,0.6429258902791145,2.2046265865901957,110.6
Pierce Johnson,572955,968,88.32066115702479,0.11570247933884298,0.6539256198347108,2.0314116321079374,110.5
Andrew Heaney,571760,2082,85.34841498559078,0.09462055715658022,0.6378482228626321,4.263993348480259,110.2
Jakob Junis,596001,1032,86.55116279069767,0.10077519379844961,0.6501937984496124,2.1241062615392003,110.2
Shohei Ohtani,660271,753,91.61075697211155,0.16201859229747675,0.6573705179282868,1.539020929344693,110.2
Slade Cecconi,677944,2063,88.37348521570529,0.1047018904507998,0.6427532719340766,4.137704337597035,109.9
Carlos Vargas,672841,1095,95.85086757990868,0.09223744292237443,0.6611872146118721,2.185002430610396,109.9
Brandon Pfaadt,694297,2918,89.38344756682659,0.10897875257025359,0.6518163125428376,5.713156472759797,109.7
Caleb Ferguson,657571,1042,89.75239923224568,0.1017274472168906,0.6449136276391555,2.031724669029488,109.6
Framber Valdez,664285,2891,88.23355240401246,0.12590799031476999,0.6437218955378762,5.470801099485752,109.3
Jared Koenig,657649,1043,91.92943432406518,0.10067114093959731,0.6471716203259827,1.963138175218305,109.3
Trevor Williams,592866,1448,83.20462707182321,0.0925414364640884,0.6367403314917127,2.701128300062037,109.2
Justin Wrobleski,680736,1092,91.70247252747254,0.12454212454212454,0.6703296703296703,2.0432585401211,109.2
Cole Ragans,666142,1079,89.52974976830399,0.17238183503243745,0.6533827618164968,2.0076556006203807,109.2
Brandon Woodruff,605540,964,90.0734439834025,0.14107883817427386,0.6887966804979253,1.7768213497043452,109.1
Kyle Freeland,607536,2482,87.21156325543916,0.10797743755036261,0.6804995970991137,4.522703923163108,109.0
Isaac Mattson,676755,777,92.03320463320463,0.11840411840411841,0.667953667953668,1.423729761202805,109.0
Logan Webb,657277,3282,88.88942717854965,0.11395490554539915,0.6596587446678854,5.9292835030243145,108.9
Andrew Abbott,671096,2677,87.87881957415017,0.11991034740381024,0.6623085543518864,4.595615144292813,108.4
Michael Mcgreevy,700241,1465,88.27180887372013,0.08805460750853242,0.621160409556314,2.507092713050541,108.4
Cam Schlittler,693645,1253,94.27318435754191,0.13088587390263368,0.6576217079010375,2.0924607830275126,108.1
Nathan Eovaldi,543135,1919,87.59536216779573,0.14069828035435122,0.6696195935383012,3.174334484023595,108.0
Eduard Bazardo,660825,1224,89.72606209150327,0.08333333333333333,0.6576797385620915,2.003238920066433,108.0
Ryan Gusto,687473,1760,89.58420454545455,0.11477272727272728,0.6494318181818182,2.8735659099554143,107.9
Ben Casparius,676508,1250,89.50008000000001,0.1368,0.6408,1.9655989111960948,107.6
Daniel Palencia,694037,841,96.4514863258026,0.1403091557669441,0.6587395957193817,1.302199969623827,107.5
Shane Baz,669358,2718,91.5532744665195,0.12693156732891833,0.6515820456217807,4.154454750780723,107.4
Lake Bachar,669199,1143,89.88748906386701,0.1399825021872266,0.6395450568678915,1.70373087463821,107.2
Bryan King,687911,1046,88.22715105162524,0.121414913957935,0.6902485659655831,1.5603435775884775,107.2
Bryan Abreu,650556,1189,92.02270815811606,0.1900756938603869,0.6215306980656014,1.7719240497897317,107.2
Bryce Miller,682243,1542,90.23566796368353,0.122568093385214,0.6465629053177692,2.285532150629485,107.1
Casey Mize,663554,2353,90.65830854228645,0.11942201444963876,0.6587335316617084,3.4332743871746283,107.0
Sonny Gray,543243,2718,87.37619573215599,0.13061074319352464,0.6622516556291391,3.7701972103881807,106.6
Tomoyuki Sugano,608372,2565,87.7325925925926,0.08693957115009747,0.631578947368421,3.5272798205915543,106.5
Max Fried,608331,3109,88.3171437761338,0.1247989707301383,0.6349308459311676,4.191341580324881,106.4
Emmet Sheehan,686218,1146,90.58298429319372,0.16579406631762653,0.6448516579406631,1.499208782901003,106.2
Adrian Houser,605288,1892,90.7489957716702,0.08985200845665962,0.6527484143763214,2.4819947748317723,106.2
Brock Burke,656271,1014,92.01686390532545,0.1222879684418146,0.6577909270216963,1.337179300472986,106.2
Tobias Myers,668964,826,88.75338983050848,0.1089588377723971,0.6610169491525424,1.0687309550693553,106.1
Brenan Hanifee,669724,946,93.50739957716702,0.07293868921775898,0.6374207188160677,1.2156765160651501,106.1
Garrett Cleavinger,664076,874,91.19622425629291,0.17848970251716248,0.6762013729977117,1.10822447522522,106.0
Yennier Cano,666974,986,92.47150101419878,0.10649087221095335,0.6318458417849898,1.2331875277778235,105.9
Ryan Helsley,664854,979,93.1973442288049,0.15628192032686414,0.676200204290092,1.2232348144718244,105.9
Mitch Spence,687765,1353,87.80428677014042,0.13082039911308205,0.656319290465632,1.676500462144293,105.8
Clayton Kershaw,477132,1768,84.31102941176471,0.11029411764705882,0.630656108597285,2.116864739555002,105.6
John King,667463,782,89.62173913043478,0.09974424552429667,0.649616368286445,0.9421567537401125,105.6
Luis García,472610,871,90.40229621125143,0.11595866819747416,0.6383467278989667,1.0290467159295895,105.5
Sandy Alcántara,645261,2891,92.33562781044621,0.10342442061570391,0.6596333448633691,3.3794604569580358,105.4
Joe Ryan,657746,2794,90.12537580529705,0.12992125984251968,0.6556907659269864,3.1760417745503955,105.3
Tanner Banks,621383,1084,87.47416974169742,0.10977859778597786,0.6568265682656826,1.2504538366581281,105.3
Ryan Walker,676254,1018,91.44449901768174,0.09332023575638507,0.6453831041257367,1.1386348058011897,105.2
Dennis Santana,642701,1002,90.2870259481038,0.1407185628742515,0.6986027944111777,1.12291504114201,105.2
Matthew Liberatore,669461,2386,88.67120704107293,0.0972338642078793,0.6512992455993294,2.5534987998330827,104.9
Enyel De los santos,660853,1105,92.05529411764707,0.15475113122171946,0.6606334841628959,1.0926630497759362,104.5
Bryan Baker,641329,1102,91.43756805807622,0.14882032667876588,0.6696914700544465,1.0751341439765876,104.4
Carlos Hernández,672578,759,92.7185770750988,0.13306982872200263,0.6482213438735178,0.7366818422591677,104.4
Keegan Akin,669211,1058,89.94905482041588,0.13137996219281664,0.6578449905482041,1.0354877178481754,104.4
Landen Roupp,694738,1851,85.83468395461912,0.11021069692058347,0.6293895191788222,1.768476947815522,104.3
Pablo López,641154,1258,89.70620031796501,0.12559618441971382,0.6462639109697933,1.2039805997274526,104.3
Tyler Rogers,643511,978,81.08609406952965,0.0869120654396728,0.7443762781186094,0.890343621848917,104.0
Abner Uribe,682842,1164,93.47697594501717,0.14518900343642613,0.6460481099656358,1.0456054568639896,104.0
Jacob Webb,657097,978,88.04539877300613,0.1411042944785276,0.66359918200409,0.8782355789516895,104.0
Eury Pérez,691587,1673,91.68649133293485,0.14285714285714285,0.6425582785415421,1.5090234200056665,104.0
Max Scherzer,453286,1390,88.54913669064749,0.11798561151079137,0.6647482014388489,1.225833576080483,103.9
Miles Mikolas,571945,2480,87.51552419354839,0.07903225806451612,0.6612903225806451,2.2169982143948106,103.9
Justin Wilson,458677,816,91.37095588235293,0.16053921568627452,0.6409313725490197,0.7066434985416952,103.8
Raisel Iglesias,628452,964,92.03236514522821,0.15975103734439833,0.6939834024896265,0.8198736777883214,103.7
Yusei Kikuchi,579328,3094,88.52336780866192,0.11376858435681965,0.6380090497737556,2.5090390664955606,103.5
David Festa,701581,882,90.49297052154195,0.14058956916099774,0.6428571428571429,0.6949345052102334,103.4
Riley O'brien,676617,758,92.488654353562,0.11081794195250659,0.6200527704485488,0.5881435987128104,103.3
Sean Burke,680732,2376,88.65029461279461,0.11784511784511785,0.622895622895623,1.664730294019409,102.9
Taylor Clarke,664199,865,90.83734104046243,0.11098265895953757,0.6450867052023121,0.5919673610136948,102.8
Cade Cavalli,676917,788,92.46852791878172,0.1383248730964467,0.6624365482233503,0.5256813211037871,102.7
Brad Lord,695418,2127,91.63925716972263,0.10625293841090738,0.6469205453690644,1.3774986664021267,102.6
Aaron Ashby,676879,1033,91.61703775411422,0.1132623426911907,0.6243949661181026,0.6665342998507107,102.6
Braxton Ashcraft,677952,1102,92.52858439201452,0.13157894736842105,0.661524500907441,0.7218254183212158,102.6
Gordon Graceffo,700669,756,90.55621693121694,0.1111111111111111,0.6402116402116402,0.47957172409569643,102.5
Austin Gomber,596295,999,83.10940940940941,0.07807807807807808,0.6606606606606606,0.6169892343031943,102.4
Robert Garcia,676395,972,90.85092592592594,0.14609053497942387,0.6862139917695473,0.5874199987490003,102.4
Aaron Bummer,607481,932,85.78229613733906,0.09871244635193133,0.6427038626609443,0.5657277202537112,102.4
Mason Montgomery,682254,859,95.68218859138533,0.18277066356228172,0.6507566938300349,0.5064613381947971,102.3
Ronny Henriquez,678692,1158,90.50587219343696,0.17789291882556132,0.6502590673575129,0.6627049231855089,102.2
John Schreiber,670167,1047,89.49321872015281,0.11174785100286533,0.6446991404011462,0.5224310445637844,101.8
Anthony Bender,669622,783,88.42988505747127,0.08556832694763729,0.6526181353767561,0.3727161781395898,101.7
Carlos Rodón,607074,3212,89.57319427148194,0.13792029887920298,0.6257783312577833,1.4660953322355643,101.6
Rafael Montero,606160,1088,90.96985294117647,0.13786764705882354,0.6075367647058824,0.4891694061120195,101.5
Michael Wacha,608379,2665,86.5948592870544,0.1073170731707317,0.6551594746716698,1.204959990085258,101.5
Luis Castillo,622491,2988,91.9131860776439,0.12684069611780455,0.6519410977242303,1.2341541503367883,101.3
Brandon Young,687064,939,87.94355697550586,0.10436634717784878,0.650692225772098,0.36604072885472233,101.2
Tyler Glasnow,607192,1480,91.34195945945946,0.1195945945945946,0.6033783783783784,0.5214620911036578,101.0
Garrett Whitlock,676477,1180,89.82508474576272,0.17372881355932204,0.6838983050847458,0.4194920565089723,101.0
Jordan Leasure,673929,1130,92.18265486725663,0.15575221238938053,0.6150442477876106,0.3744297117263265,100.9
Kyle Leahy,681517,1350,90.6877037037037,0.11481481481481481,0.6577777777777778,0.4444630043304599,100.9
Hunter Gaddis,683769,1049,89.4188751191611,0.16396568160152525,0.657769304099142,0.34485266649716384,100.9
Matt Svanson,694335,964,92.70124481327801,0.1016597510373444,0.6379668049792531,0.3083929513745657,100.8
Gregory Soto,642397,1031,92.42793404461688,0.14064015518913675,0.6479146459747818,0.3116599544538096,100.7
Zac Gallen,668678,3134,88.81384811742181,0.10625398851308232,0.6301850670070198,0.9104121024797645,100.7
Luke Jackson,592426,782,89.10434782608696,0.10613810741687979,0.6253196930946292,0.2202653009012729,100.6
Matt Brash,666374,822,89.2396593673966,0.13017031630170317,0.610705596107056,0.2192478065424676,100.5
Jp Sears,676664,2366,85.98271344040575,0.1018596787827557,0.6386306001690617,0.6257151320205632,100.5
Jason Alexander,669920,1252,85.50071884984025,0.10782747603833866,0.6190095846645367,0.25328822325781136,100.2
Yu Darvish,506433,1156,86.65865051903114,0.10813148788927336,0.6505190311418685,0.21237680347206903,100.1
Steven Okert,595345,1051,85.54215033301618,0.16841103710751665,0.6622264509990485,0.06178981114953902,99.4
Patrick Corbin,571578,2588,85.72886398763524,0.12480680061823803,0.6236476043276662,0.0971965315107117,99.3
Luke Weaver,596133,1049,92.56577693040991,0.16301239275500476,0.655862726406101,-0.019157482147665543,99.0
Bailey Ober,641927,2356,85.27194397283532,0.12478777589134125,0.668081494057725,-0.07039874653201704,98.9
Noah Cameron,702070,2164,86.01829944547136,0.1256931608133087,0.6261552680221811,-0.10123099207972934,98.8
Mike Burrows,681347,1537,89.93760572543917,0.13142485361093037,0.6551724137931034,-0.19197702629802155,98.4
Carmen Mlodzinski,669387,1647,91.43673345476624,0.10746812386156648,0.6363084395871281,-0.26496044766158433,98.2
Nick Martínez,607259,2577,86.86658905704307,0.09390764454792394,0.6480403570042685,-0.42686928280211883,98.2
Ian Seymour,693855,995,87.20753768844222,0.13366834170854272,0.6522613065326633,-0.18729625476125825,98.1
Cade Povich,700249,1971,86.84282090309488,0.10857432775240994,0.626078132927448,-0.45529051526327063,97.9
Logan Gilbert,669302,2156,88.93223562152133,0.1679035250463822,0.6628014842300557,-0.47163693209582064,97.9
Logan Allen,671106,2632,85.58058510638298,0.09004559270516717,0.6155015197568389,-0.6224532280360042,97.8
Luis Severino,622663,2731,91.74024166971806,0.08641523251556206,0.6327352618088612,-0.698737182948594,97.7
Jackson Jobe,695549,877,90.85769669327252,0.10832383124287344,0.6077537058152793,-0.22636307412994522,97.7
Matt Strahm,621381,993,88.46948640483383,0.12487411883182276,0.6817724068479355,-0.3013049140267778,97.5
Calvin Faucher,676534,1054,91.4933586337761,0.10056925996204934,0.5996204933586338,-0.3967418371087508,97.1
Carlos Estévez,608032,1043,91.98581016299137,0.09395973154362416,0.6538830297219559,-0.4089388709763909,97.0
Luis Morales,806960,821,91.38757612667479,0.10353227771010962,0.6053593179049939,-0.3196327873971559,97.0
Connor Brogdon,641401,840,89.26440476190477,0.14404761904761904,0.638095238095238,-0.3479520862819946,96.9
Reed Garrett,657585,979,91.73043922369766,0.13789581205311544,0.6189989785495403,-0.4234853550177295,96.8
Taylor Rogers,573124,894,85.33534675615213,0.1029082774049217,0.6487695749440716,-0.42180658734973797,96.6
Zach Eflin,621107,1127,86.22209405501332,0.10292812777284827,0.6574977817213842,-0.5170885877207254,96.6
Ryan Yarbrough,642232,1017,81.36932153392331,0.119960668633235,0.6332350049164208,-0.49161238418398745,96.5
Justin Verlander,434378,2608,88.24704754601227,0.12078220858895705,0.6549079754601227,-1.4150856296060386,96.2
Bailey Falter,663559,1951,88.42716555612506,0.08508457201435161,0.6386468477703742,-1.0327866063145292,96.2
Mitchell Parker,680730,2705,88.60676524953789,0.10055452865064694,0.6591497227356746,-1.4801806078296296,96.1
Bowden Francis,670102,1141,86.954425942156,0.10867659947414549,0.6257668711656442,-0.662447969341045,96.0
Sean Manaea,640455,1095,86.57296803652967,0.14063926940639268,0.6840182648401827,-0.629005365000043,96.0
Casey Legumina,668984,861,91.21521486643438,0.12195121951219512,0.6643437862950058,-0.5175500083416359,95.9
Jordan Hicks,663855,1199,92.58857381150959,0.10091743119266056,0.6213511259382819,-0.699731691963688,95.9
Cole Sands,663485,1143,89.62012248468942,0.10761154855643044,0.6465441819772528,-0.6734752484972487,95.9
Shawn Armstrong,542888,1118,91.03613595706618,0.11627906976744186,0.6627906976744186,-0.6646107664577574,95.9
Greg Weissert,669711,1069,90.22675397567819,0.10477081384471469,0.6398503274087932,-0.6474344478630834,95.8
Randy Vásquez,681190,2148,88.92392923649908,0.07309124767225327,0.6340782122905028,-1.4320688725417323,95.5
Mitch Keller,656605,2870,89.07721254355401,0.1,0.6536585365853659,-2.0453622350351433,95.2
Jose Quintana,500779,2174,86.69282428702853,0.07911683532658693,0.6113155473781049,-1.5740044577514498,95.2
Aaron Civale,650644,1747,87.31871780194619,0.09902690326273612,0.6296508299942759,-1.2554103635299985,95.2
Eric Lauer,641778,1682,86.77913198573127,0.11533888228299644,0.6646848989298454,-1.2066925914826563,95.2
Cade Gibson,806188,908,84.71850220264317,0.0947136563876652,0.6211453744493393,-0.6795311300102772,95.1
Clarke Schmidt,657376,1226,89.08172920065253,0.1264274061990212,0.6443719412724307,-0.961589218864874,94.9
Hunter Brown,686613,2962,92.55135043889263,0.12457798784604997,0.6178257933828494,-2.3053916225376896,94.9
Ben Brown,676962,1694,92.20974025974026,0.1322314049586777,0.6546635182998819,-1.380601222577013,94.7
Sean Newcomb,656794,1546,88.73486416558862,0.09896507115135834,0.648124191461837,-1.2650163582401883,94.7
Camilo Doval,666808,1103,93.62801450589302,0.13417951042611062,0.6310063463281959,-0.9251563258539378,94.6
Will Warren,701542,2802,89.54896502498217,0.1052819414703783,0.6184867951463241,-2.4034403035025673,94.5
Freddy Peralta,642547,3086,89.96163318211276,0.14095917044718081,0.6163318211276734,-2.6499881783236687,94.5
Justin Topa,623437,979,89.19111338100103,0.08580183861082738,0.6618998978549541,-0.8736161556837306,94.3
Tanner Bibee,676440,2969,88.16086224317952,0.11013809363422028,0.6412933647692826,-2.620755559728067,94.3
Dean Kremer,665152,2692,87.58777860326894,0.11255572065378901,0.6526745913818722,-2.386274412561233,94.3
Zack Littell,641793,2788,87.63045193687232,0.1058106169296987,0.6696556671449068,-2.5592050333368843,94.1
José Soriano,667755,2784,93.08943965517241,0.1206896551724138,0.6127873563218391,-2.615145827641354,94.0
Keider Montero,672456,1473,88.64317718940937,0.0943652410047522,0.6666666666666666,-1.429524102571355,93.9
Brad Keller,641745,1113,93.2774483378257,0.12129380053908356,0.6316262353998203,-1.0979381600664444,93.8
Jake Irvin,663623,2944,86.84072690217391,0.08525815217391304,0.6457201086956522,-2.934536939960507,93.7
Justin Sterner,686993,1092,89.66868131868132,0.15384615384615385,0.6346153846153846,-1.095289645997793,93.7
Daniel Lynch,663738,1088,89.20229779411765,0.09558823529411764,0.6204044117647058,-1.0828365224690748,93.7
Brent Suter,608718,1116,84.263082437276,0.10483870967741936,0.6424731182795699,-1.1328527365122192,93.6
Mason Miller,695243,972,94.90102880658436,0.22530864197530864,0.647119341563786,-1.01445718238609,93.5
David Peterson,656849,2699,87.46343090033345,0.11226380140792887,0.6424601704334939,-3.0205700579830226,93.0
Jeffrey Springs,605488,2847,85.2163329820864,0.12047769582016157,0.6297857393747804,-3.206355745093166,93.0
Cade Horton,690990,1788,90.86733780760626,0.12472035794183445,0.6582774049217002,-2.085493104255493,92.8
Graham Ashcraft,668933,1039,93.7414821944177,0.14918190567853706,0.6592877767083735,-1.2450219168261405,92.6
Spencer Bivens,702352,1294,91.05293663060279,0.08346213292117466,0.6692426584234931,-1.636783175941075,92.3
Brayan Bello,678394,2641,91.33684210526316,0.09125331313896251,0.6205982582355168,-3.421907745608822,92.1
Tanner Gordon,685299,1244,88.22717041800644,0.09565916398713827,0.6760450160771704,-1.607352394754653,92.1
Lucas Erceg,668674,963,92.5956386292835,0.12045690550363447,0.6365524402907581,-1.2413835465492342,92.1
Corbin Burnes,669203,1009,90.55867195242814,0.11892963330029732,0.6362735381565907,-1.3484459260722141,91.9
Ryne Stanek,592773,1063,94.02229539040451,0.1458137347130762,0.6406396989651929,-1.4102881746669076,91.9
Jeff Hoffman,656546,1127,92.04099378881988,0.160603371783496,0.6619343389529725,-1.5296735853947174,91.8
Colin Rea,607067,2533,89.4233714962495,0.10461902881958153,0.6502171338333992,-3.480234552781454,91.7
Andrés Muñoz,662253,1035,91.95777777777778,0.17198067632850242,0.6444444444444445,-1.421043163179134,91.7
Jack Flaherty,656427,2831,86.98837866478276,0.12469092193571177,0.6361709643235606,-3.9232379464449876,91.6
Grant Anderson,681982,1158,88.10120898100172,0.14853195164075994,0.6398963730569949,-1.6287729887995388,91.5
Matt Festa,670036,817,88.5297429620563,0.14075887392900857,0.6793145654834761,-1.1563295411694883,91.4
Merrill Kelly,518876,2833,89.3050829509354,0.11860218849276385,0.6569008118602189,-4.156092074964558,91.2
Jake Bird,656234,957,86.99561128526646,0.12330198537095088,0.6687565308254964,-1.3947174776801097,91.2
Dustin May,669160,2169,90.65915168280314,0.09036422314430613,0.6376210235131397,-3.1524545460370907,91.2
Eduardo Rodríguez,593958,2588,89.42017001545595,0.10857805255023184,0.6275115919629057,-3.8183325054529247,91.1
Ryan Zeferjahn,666171,1029,90.49008746355685,0.1360544217687075,0.6161321671525753,-1.5329497540341581,91.0
Tyler Kinley,641755,1225,88.68375510204082,0.15346938775510205,0.643265306122449,-1.860796352564244,90.9
Quinn Priester,682990,2468,90.16782820097245,0.11304700162074555,0.6276337115072933,-3.7346431320948312,90.9
Kolby Allard,663465,1000,85.0121,0.096,0.673,-1.5179132504329385,90.9
Kumar Rocker,677958,1127,90.89556344276842,0.12422360248447205,0.64773735581189,-1.7400084789764296,90.8
Tylor Megill,656731,1234,90.83897893030795,0.13776337115072934,0.6239870340356564,-1.9290001819576528,90.6
Robbie Ray,592662,3069,89.61942000651678,0.1371782339524275,0.6370153144346693,-4.896347741234876,90.5
Stephen Kolek,663568,1689,90.38425103611604,0.08288928359976318,0.6417998815867377,-2.7076581760561567,90.4
Wandy Peralta,593974,1138,91.89789103690686,0.140597539543058,0.6309314586994728,-1.841740580929969,90.3
Victor Vodnik,680767,919,95.1531011969532,0.11643090315560392,0.5799782372143635,-1.527977968086243,90.1
Simeon Woods richardson,680573,1878,87.97124600638978,0.11554845580404687,0.6309904153354633,-3.1356382949530954,90.1
Yuki Matsui,673513,1063,87.4101599247413,0.14863593603010347,0.6105362182502352,-1.8157542668315791,89.9
Mike King,650633,1219,89.16784249384742,0.1140278917145201,0.6185397867104184,-2.152967281133295,89.6
Reese Olson,681857,1159,89.6190681622088,0.13201035375323555,0.6117342536669542,-2.110255437628895,89.3
Davis Martin,663436,2307,90.40979627221499,0.10663198959687907,0.6345903771131339,-4.19727398168876,89.3
Gavin Williams,668909,2925,90.64519658119659,0.1264957264957265,0.6160683760683761,-5.378536128446726,89.2
Tristan Beck,663941,817,87.92741738066096,0.11260709914320685,0.6621787025703795,-1.4980893698954523,89.2
Edwin Uceta,670955,1214,90.72907742998353,0.1886326194398682,0.6540362438220758,-2.22375706888106,89.2
Joe Ross,605452,862,91.86705336426914,0.1136890951276102,0.642691415313225,-1.6131359100633735,89.0
Jack Leiter,683004,2583,92.35067750677506,0.11614401858304298,0.6279519938056524,-4.850256980463808,88.9
J. t. Ginn,669372,1575,90.8464126984127,0.12317460317460317,0.5961904761904762,-3.0872080111500546,88.5
Mackenzie Gore,669022,2818,89.79361249112846,0.14655784244144784,0.6295244854506742,-5.59333115818646,88.4
Bryce Elder,693821,2514,88.59315831344472,0.10421638822593476,0.6276849642004774,-5.0505531469470535,88.2
Angel Chivilli,683409,1022,92.78590998043053,0.1487279843444227,0.62720156555773,-2.0606543459491538,88.2
José Berríos,621244,2583,88.49728997289972,0.10143244289585752,0.6341463414634146,-5.347241898880306,87.9
Brandon Eisert,685126,1216,86.21365131578948,0.14967105263157895,0.6101973684210527,-2.568405812196089,87.7
Erick Fedde,607200,2369,88.9806247361756,0.08020261713803292,0.6091177712114816,-4.99468553954675,87.7
Luis Ortiz,682847,1501,91.84796802131912,0.13391072618254496,0.6442371752165224,-3.171697398806693,87.7
Emerson Hancock,676106,1423,91.09100491918483,0.09978917779339423,0.6479269149683766,-3.047582087417922,87.5
Logan Evans,688138,1338,87.6839312406577,0.08744394618834081,0.6270553064275037,-2.8618951247640507,87.5
Michael Lorenzen,547179,2318,88.21738567730802,0.11259706643658327,0.636755823986195,-5.007263333266759,87.4
Brady Singer,663903,2850,87.76508771929825,0.10631578947368421,0.6231578947368421,-6.193003831515893,87.4
Martín Pérez,527048,902,85.35498891352549,0.08869179600886919,0.6097560975609756,-1.983695012710903,87.2
Clay Holmes,605280,2764,89.35296671490593,0.09913169319826338,0.6280752532561505,-6.066141253377578,87.2
Valente Bellozo,678368,1322,84.58003025718608,0.10060514372163389,0.6414523449319214,-2.9780991445802485,86.9
Jacob Lopez,682052,1666,85.3341536614646,0.1290516206482593,0.6230492196878752,-3.7755046926643274,86.8
Carlos Carrasco,471911,779,86.64454428754814,0.10269576379974327,0.6059050064184852,-1.7704119726430974,86.8
Shane Smith,681343,2419,92.03712277800743,0.13311285655229432,0.6329061595700702,-5.5381695940996805,86.7
Brennan Bernardino,657514,833,85.53793517406963,0.08403361344537816,0.631452581032413,-1.972393682706138,86.3
José Ureña,570632,934,91.7595289079229,0.09528907922912205,0.6209850107066381,-2.220800183949444,86.2
Grant Holmes,656550,1964,89.13772912423626,0.14358452138492872,0.629837067209776,-4.763897289491553,86.0
Bryse Wilson,669060,854,88.17658079625294,0.07845433255269321,0.6217798594847775,-2.071321285794558,86.0
Ronel Blanco,669854,793,87.03493064312737,0.15132408575031525,0.6317780580075663,-1.9686405938845857,85.7
Osvaldo Bido,674370,1378,90.62989840348331,0.12409288824383163,0.6393323657474601,-3.5168290393491044,85.3
Jorge Alcalá,660896,1058,93.2241965973535,0.1219281663516068,0.6389413988657845,-2.7431449689925116,85.1
Taj Bradley,671737,2272,91.83459507042254,0.11619718309859155,0.625,-5.974234944012528,84.9
Andre Pallante,669467,2720,90.23011029411765,0.10220588235294117,0.6088235294117647,-7.365689179021069,84.5
Tyler Anderson,542881,2339,84.28888413852074,0.12227447627191107,0.639162035057717,-6.412414925627761,84.3
Joey Cantillo,676282,1637,84.31405009163103,0.12828344532681735,0.6261453879047038,-4.5118036921095195,84.2
Joe Boyle,671212,934,94.90214132762313,0.12740899357601712,0.6102783725910065,-2.5753717579329285,84.2
Jonathan Cannon,686563,1793,88.96960401561628,0.10373675404350251,0.6263245956497491,-5.044022206686075,83.9
Taijuan Walker,592836,2061,87.45424551188744,0.08345463367297429,0.6249393498301795,-5.884552124887252,83.7
Bradley Blalock,687134,1033,89.72284607938045,0.0755082284607938,0.616650532429816,-2.952894198622749,83.6
Charlie Morton,450203,2548,88.06291208791208,0.13069073783359497,0.6314756671899528,-7.296480525650105,83.6
Tony Santillan,663574,1230,92.76235772357724,0.13414634146341464,0.6455284552845528,-3.608419666465604,83.2
Huascar Brazobán,623211,1011,93.48189910979228,0.11572700296735905,0.6439169139465876,-2.9769974183368157,83.2
Chad Patrick,694477,2010,90.57199004975125,0.11791044776119403,0.645273631840796,-6.015139112772323,82.9
José Buttó,676130,1095,90.65917808219179,0.13515981735159818,0.6100456621004566,-3.283148685950943,82.9
Antonio Senzatela,622608,2284,90.69124343257442,0.08450087565674255,0.6147110332749562,-6.847651362440557,82.9
Luis Gil,661563,970,92.03804123711339,0.09484536082474226,0.6123711340206186,-2.941480581153085,82.7
Braydon Fisher,680755,833,87.85030012004802,0.13085234093637454,0.6566626650660264,-2.5362714208009978,82.6
Kaleb Ort,672391,788,92.11218274111674,0.13578680203045684,0.6065989847715736,-2.4206517205366067,82.5
Yariel Rodríguez,684320,1158,90.75785837651124,0.12521588946459414,0.5915371329879102,-3.5920586239896735,82.3
Kyle Hendricks,543294,2571,82.50509529366006,0.08790353947880203,0.6670556203811746,-8.088151275246203,82.1
Chris Bassitt,605135,2829,85.87861435136091,0.1088723930717568,0.6380346412159774,-8.903728535877764,82.1
Brant Hurter,676428,1052,88.39553231939163,0.11406844106463879,0.6283269961977186,-3.345235061129547,81.9
Michael Soroka,647336,1527,88.06850032743942,0.10805500982318271,0.6339227242960053,-5.013000998099182,81.3
Juan Mejia,675848,1074,92.20772811918064,0.14618249534450653,0.6405959031657356,-3.553613806654048,81.2
Cal Quantrill,615698,2004,88.74481037924151,0.09431137724550898,0.626746506986028,-6.674499273876546,81.1
Jackson Rutledge,671131,1339,90.93457804331591,0.11949215832710978,0.619865571321882,-4.444719303747422,81.1
Tommy Kahnle,592454,1035,87.6384541062802,0.11014492753623188,0.6106280193236715,-3.490989528094339,80.9
Lucas Giolito,608337,2367,88.271989860583,0.10815378115758344,0.6366708914237431,-7.994773318676943,80.8
Tim Herrin,682120,750,87.90973333333334,0.12266666666666666,0.6,-2.543988077310515,80.8
Sam Long,669674,786,87.29300254452927,0.08778625954198473,0.6208651399491094,-2.704259695530367,80.5
Mark Leiter,643410,832,86.02608173076922,0.13221153846153846,0.6262019230769231,-2.870788841471871,80.4
Chase Dollander,801403,1778,92.18357705286839,0.10742407199100112,0.6113610798650169,-6.137305944326871,80.4
Tyler Gilbert,656457,839,86.3466030989273,0.12276519666269368,0.6233611442193087,-2.967442882614756,80.0
Jason Adam,592094,1087,87.23615455381784,0.16191352345906163,0.6384544618215271,-3.897545991055572,79.7
Walker Buehler,621111,2189,89.09017816354499,0.0858839652809502,0.6162631338510736,-7.841759979947483,79.7
Griffin Canning,656288,1343,90.00446760982874,0.1169024571854058,0.6276991809381981,-5.020514598079217,78.9
Lou Trivino,642152,841,89.80463733650416,0.11652794292508918,0.6171224732461356,-3.15310743910685,78.8
Yoendrys Gómez,672782,1099,89.17606915377615,0.11282984531392175,0.632393084622384,-4.222218176153448,78.3
Mike Vasil,678024,1646,89.39951397326854,0.10206561360874848,0.5984204131227218,-6.34698455215574,78.2
Anthony Banda,607455,1054,90.68795066413662,0.12998102466793168,0.6138519924098672,-4.106027416754631,78.0
Spencer Strider,675911,2110,89.52682464454976,0.14597156398104266,0.6113744075829384,-8.32904449074223,77.8
Seth Lugo,607625,2380,85.51079831932773,0.09033613445378151,0.6273109243697479,-9.419675623382235,77.7
Elvis Alvarado,665660,765,95.11202614379084,0.15816993464052287,0.6078431372549019,-3.150672566907046,76.8
Cole Henry,669371,967,89.52699069286453,0.10961737331954498,0.5884177869700103,-3.988455396286459,76.8
Kodai Senga,673540,1900,87.76978947368421,0.12473684210526316,0.6036842105263158,-8.001981203673864,76.3
Hurston Waldrep,694462,862,89.57111368909513,0.12993039443155452,0.6078886310904872,-3.6835132271239646,76.0
Lance Mccullers,621121,1147,86.31142109851787,0.1002615518744551,0.5867480383609416,-5.177077731763653,74.7
Jalen Beeks,656222,916,91.27489082969433,0.13646288209606988,0.6058951965065502,-4.282529250991996,73.8
Edwin Díaz,621242,1067,93.38950328022493,0.19775070290534208,0.6326148078725399,-5.118678527547982,73.2
Seranthony Domínguez,622554,1101,92.8006357856494,0.14895549500454133,0.59763851044505,-5.300091219793405,73.1
Scott Barlow,605130,1272,85.44488993710691,0.12735849056603774,0.6037735849056604,-6.310337378043381,72.3
David Morgan,688158,766,92.39399477806789,0.12663185378590078,0.6344647519582245,-3.971960582649226,71.1
Germán Márquez,608566,2085,90.93956834532374,0.08920863309352518,0.6258992805755396,-11.817921627299494,68.4
Brendon Little,663893,1240,90.45443548387097,0.17661290322580644,0.5685483870967742,-7.907349011132745,64.6
Jack Kochanowicz,686799,1858,92.78137782561893,0.09903121636167922,0.616254036598493,-11.904146706347737,64.5
Jimmy Herget,623474,1281,85.52833723653396,0.12568306010928962,0.6487119437939111,-8.454224075106666,63.4
Hayden Birdsong,806185,1194,90.6072864321608,0.12395309882747069,0.5887772194304858,-8.28604604981145,61.6
Tyler Ferguson,621053,990,90.27666666666666,0.12121212121212122,0.6232323232323232,-7.472338432316014,58.3
Fernando Cruz,518585,792,85.06856060606061,0.1994949494949495,0.601010101010101,-6.323555877153011,55.9
